day,d,shadow,jobs_csv,save_csv,dispatch,gamma,tau,plus_gamma,plus_tau,seed,timestamp_column,export_npz,with_opt,opt_method,print_matches,return_details,tie_breaker,ad_duals,ad_resolution,ad_resolutions,ad_mapping
0,150,ad,data/meituan_area6_lunchtime_plat10301330_day0.csv,results/shadow_sweep_d150/day0_d150_ad_dispatchrbatch_gamma0_ad_dualsuser_mer2262_ddp_pkg_release_data_average_duals_area6.csv,rbatch,0,,,,,,,,,,,,/user/mer2262/ddp_pkg_release/data/average_duals_area6,,,
0,150,ad,data/meituan_area6_lunchtime_plat10301330_day0.csv,results/shadow_sweep_d150/day0_d150_ad_dispatchrbatch_gamma0_1_ad_dualsuser_mer2262_ddp_pkg_release_data_average_duals_area6.csv,rbatch,0.1,,,,,,,,,,,,/user/mer2262/ddp_pkg_release/data/average_duals_area6,,,
0,150,ad,data/meituan_area6_lunchtime_plat10301330_day0.csv,results/shadow_sweep_d150/day0_d150_ad_dispatchrbatch_gamma0_2_ad_dualsuser_mer2262_ddp_pkg_release_data_average_duals_area6.csv,rbatch,0.2,,,,,,,,,,,,/user/mer2262/ddp_pkg_release/data/average_duals_area6,,,
0,150,ad,data/meituan_area6_lunchtime_plat10301330_day0.csv,results/shadow_sweep_d150/day0_d150_ad_dispatchrbatch_gamma0_3_ad_dualsuser_mer2262_ddp_pkg_release_data_average_duals_area6.csv,rbatch,0.3,,,,,,,,,,,,/user/mer2262/ddp_pkg_release/data/average_duals_area6,,,
0,150,ad,data/meituan_area6_lunchtime_plat10301330_day0.csv,results/shadow_sweep_d150/day0_d150_ad_dispatchrbatch_gamma0_4_ad_dualsuser_mer2262_ddp_pkg_release_data_average_duals_area6.csv,rbatch,0.4,,,,,,,,,,,,/user/mer2262/ddp_pkg_release/data/average_duals_area6,,,
0,150,ad,data/meituan_area6_lunchtime_plat10301330_day0.csv,results/shadow_sweep_d150/day0_d150_ad_dispatchrbatch_gamma0_5_ad_dualsuser_mer2262_ddp_pkg_release_data_average_duals_area6.csv,rbatch,0.5,,,,,,,,,,,,/user/mer2262/ddp_pkg_release/data/average_duals_area6,,,
0,150,ad,data/meituan_area6_lunchtime_plat10301330_day0.csv,results/shadow_sweep_d150/day0_d150_ad_dispatchrbatch_gamma0_6_ad_dualsuser_mer2262_ddp_pkg_release_data_average_duals_area6.csv,rbatch,0.6,,,,,,,,,,,,/user/mer2262/ddp_pkg_release/data/average_duals_area6,,,
0,150,ad,data/meituan_area6_lunchtime_plat10301330_day0.csv,results/shadow_sweep_d150/day0_d150_ad_dispatchrbatch_gamma0_7_ad_dualsuser_mer2262_ddp_pkg_release_data_average_duals_area6.csv,rbatch,0.7,,,,,,,,,,,,/user/mer2262/ddp_pkg_release/data/average_duals_area6,,,
0,150,ad,data/meituan_area6_lunchtime_plat10301330_day0.csv,results/shadow_sweep_d150/day0_d150_ad_dispatchrbatch_gamma0_8_ad_dualsuser_mer2262_ddp_pkg_release_data_average_duals_area6.csv,rbatch,0.8,,,,,,,,,,,,/user/mer2262/ddp_pkg_release/data/average_duals_area6,,,
0,150,ad,data/meituan_area6_lunchtime_plat10301330_day0.csv,results/shadow_sweep_d150/day0_d150_ad_dispatchrbatch_gamma0_9_ad_dualsuser_mer2262_ddp_pkg_release_data_average_duals_area6.csv,rbatch,0.9,,,,,,,,,,,,/user/mer2262/ddp_pkg_release/data/average_duals_area6,,,
0,150,ad,data/meituan_area6_lunchtime_plat10301330_day0.csv,results/shadow_sweep_d150/day0_d150_ad_dispatchrbatch_gamma1_ad_dualsuser_mer2262_ddp_pkg_release_data_average_duals_area6.csv,rbatch,1,,,,,,,,,,,,/user/mer2262/ddp_pkg_release/data/average_duals_area6,,,
0,150,hd,data/meituan_area6_lunchtime_plat10301330_day0.csv,results/shadow_sweep_d150/day0_d150_hd_dispatchrbatch_gamma0_ad_dualsuser_mer2262_ddp_pkg_release_data_average_duals_area6.csv,rbatch,0,,,,,,,,,,,,/user/mer2262/ddp_pkg_release/data/average_duals_area6,,,
0,150,hd,data/meituan_area6_lunchtime_plat10301330_day0.csv,results/shadow_sweep_d150/day0_d150_hd_dispatchrbatch_gamma0_1_ad_dualsuser_mer2262_ddp_pkg_release_data_average_duals_area6.csv,rbatch,0.1,,,,,,,,,,,,/user/mer2262/ddp_pkg_release/data/average_duals_area6,,,
0,150,hd,data/meituan_area6_lunchtime_plat10301330_day0.csv,results/shadow_sweep_d150/day0_d150_hd_dispatchrbatch_gamma0_2_ad_dualsuser_mer2262_ddp_pkg_release_data_average_duals_area6.csv,rbatch,0.2,,,,,,,,,,,,/user/mer2262/ddp_pkg_release/data/average_duals_area6,,,
0,150,hd,data/meituan_area6_lunchtime_plat10301330_day0.csv,results/shadow_sweep_d150/day0_d150_hd_dispatchrbatch_gamma0_3_ad_dualsuser_mer2262_ddp_pkg_release_data_average_duals_area6.csv,rbatch,0.3,,,,,,,,,,,,/user/mer2262/ddp_pkg_release/data/average_duals_area6,,,
0,150,hd,data/meituan_area6_lunchtime_plat10301330_day0.csv,results/shadow_sweep_d150/day0_d150_hd_dispatchrbatch_gamma0_4_ad_dualsuser_mer2262_ddp_pkg_release_data_average_duals_area6.csv,rbatch,0.4,,,,,,,,,,,,/user/mer2262/ddp_pkg_release/data/average_duals_area6,,,
0,150,hd,data/meituan_area6_lunchtime_plat10301330_day0.csv,results/shadow_sweep_d150/day0_d150_hd_dispatchrbatch_gamma0_5_ad_dualsuser_mer2262_ddp_pkg_release_data_average_duals_area6.csv,rbatch,0.5,,,,,,,,,,,,/user/mer2262/ddp_pkg_release/data/average_duals_area6,,,
0,150,hd,data/meituan_area6_lunchtime_plat10301330_day0.csv,results/shadow_sweep_d150/day0_d150_hd_dispatchrbatch_gamma0_6_ad_dualsuser_mer2262_ddp_pkg_release_data_average_duals_area6.csv,rbatch,0.6,,,,,,,,,,,,/user/mer2262/ddp_pkg_release/data/average_duals_area6,,,
0,150,hd,data/meituan_area6_lunchtime_plat10301330_day0.csv,results/shadow_sweep_d150/day0_d150_hd_dispatchrbatch_gamma0_7_ad_dualsuser_mer2262_ddp_pkg_release_data_average_duals_area6.csv,rbatch,0.7,,,,,,,,,,,,/user/mer2262/ddp_pkg_release/data/average_duals_area6,,,
0,150,hd,data/meituan_area6_lunchtime_plat10301330_day0.csv,results/shadow_sweep_d150/day0_d150_hd_dispatchrbatch_gamma0_8_ad_dualsuser_mer2262_ddp_pkg_release_data_average_duals_area6.csv,rbatch,0.8,,,,,,,,,,,,/user/mer2262/ddp_pkg_release/data/average_duals_area6,,,
0,150,hd,data/meituan_area6_lunchtime_plat10301330_day0.csv,results/shadow_sweep_d150/day0_d150_hd_dispatchrbatch_gamma0_9_ad_dualsuser_mer2262_ddp_pkg_release_data_average_duals_area6.csv,rbatch,0.9,,,,,,,,,,,,/user/mer2262/ddp_pkg_release/data/average_duals_area6,,,
0,150,hd,data/meituan_area6_lunchtime_plat10301330_day0.csv,results/shadow_sweep_d150/day0_d150_hd_dispatchrbatch_gamma1_ad_dualsuser_mer2262_ddp_pkg_release_data_average_duals_area6.csv,rbatch,1,,,,,,,,,,,,/user/mer2262/ddp_pkg_release/data/average_duals_area6,,,
1,150,ad,data/meituan_area6_lunchtime_plat10301330_day1.csv,results/shadow_sweep_d150/day1_d150_ad_dispatchrbatch_gamma0_ad_dualsuser_mer2262_ddp_pkg_release_data_average_duals_area6.csv,rbatch,0,,,,,,,,,,,,/user/mer2262/ddp_pkg_release/data/average_duals_area6,,,
1,150,ad,data/meituan_area6_lunchtime_plat10301330_day1.csv,results/shadow_sweep_d150/day1_d150_ad_dispatchrbatch_gamma0_1_ad_dualsuser_mer2262_ddp_pkg_release_data_average_duals_area6.csv,rbatch,0.1,,,,,,,,,,,,/user/mer2262/ddp_pkg_release/data/average_duals_area6,,,
1,150,ad,data/meituan_area6_lunchtime_plat10301330_day1.csv,results/shadow_sweep_d150/day1_d150_ad_dispatchrbatch_gamma0_2_ad_dualsuser_mer2262_ddp_pkg_release_data_average_duals_area6.csv,rbatch,0.2,,,,,,,,,,,,/user/mer2262/ddp_pkg_release/data/average_duals_area6,,,
1,150,ad,data/meituan_area6_lunchtime_plat10301330_day1.csv,results/shadow_sweep_d150/day1_d150_ad_dispatchrbatch_gamma0_3_ad_dualsuser_mer2262_ddp_pkg_release_data_average_duals_area6.csv,rbatch,0.3,,,,,,,,,,,,/user/mer2262/ddp_pkg_release/data/average_duals_area6,,,
1,150,ad,data/meituan_area6_lunchtime_plat10301330_day1.csv,results/shadow_sweep_d150/day1_d150_ad_dispatchrbatch_gamma0_4_ad_dualsuser_mer2262_ddp_pkg_release_data_average_duals_area6.csv,rbatch,0.4,,,,,,,,,,,,/user/mer2262/ddp_pkg_release/data/average_duals_area6,,,
1,150,ad,data/meituan_area6_lunchtime_plat10301330_day1.csv,results/shadow_sweep_d150/day1_d150_ad_dispatchrbatch_gamma0_5_ad_dualsuser_mer2262_ddp_pkg_release_data_average_duals_area6.csv,rbatch,0.5,,,,,,,,,,,,/user/mer2262/ddp_pkg_release/data/average_duals_area6,,,
1,150,ad,data/meituan_area6_lunchtime_plat10301330_day1.csv,results/shadow_sweep_d150/day1_d150_ad_dispatchrbatch_gamma0_6_ad_dualsuser_mer2262_ddp_pkg_release_data_average_duals_area6.csv,rbatch,0.6,,,,,,,,,,,,/user/mer2262/ddp_pkg_release/data/average_duals_area6,,,
1,150,ad,data/meituan_area6_lunchtime_plat10301330_day1.csv,results/shadow_sweep_d150/day1_d150_ad_dispatchrbatch_gamma0_7_ad_dualsuser_mer2262_ddp_pkg_release_data_average_duals_area6.csv,rbatch,0.7,,,,,,,,,,,,/user/mer2262/ddp_pkg_release/data/average_duals_area6,,,
1,150,ad,data/meituan_area6_lunchtime_plat10301330_day1.csv,results/shadow_sweep_d150/day1_d150_ad_dispatchrbatch_gamma0_8_ad_dualsuser_mer2262_ddp_pkg_release_data_average_duals_area6.csv,rbatch,0.8,,,,,,,,,,,,/user/mer2262/ddp_pkg_release/data/average_duals_area6,,,
1,150,ad,data/meituan_area6_lunchtime_plat10301330_day1.csv,results/shadow_sweep_d150/day1_d150_ad_dispatchrbatch_gamma0_9_ad_dualsuser_mer2262_ddp_pkg_release_data_average_duals_area6.csv,rbatch,0.9,,,,,,,,,,,,/user/mer2262/ddp_pkg_release/data/average_duals_area6,,,
1,150,ad,data/meituan_area6_lunchtime_plat10301330_day1.csv,results/shadow_sweep_d150/day1_d150_ad_dispatchrbatch_gamma1_ad_dualsuser_mer2262_ddp_pkg_release_data_average_duals_area6.csv,rbatch,1,,,,,,,,,,,,/user/mer2262/ddp_pkg_release/data/average_duals_area6,,,
1,150,hd,data/meituan_area6_lunchtime_plat10301330_day1.csv,results/shadow_sweep_d150/day1_d150_hd_dispatchrbatch_gamma0_ad_dualsuser_mer2262_ddp_pkg_release_data_average_duals_area6.csv,rbatch,0,,,,,,,,,,,,/user/mer2262/ddp_pkg_release/data/average_duals_area6,,,
1,150,hd,data/meituan_area6_lunchtime_plat10301330_day1.csv,results/shadow_sweep_d150/day1_d150_hd_dispatchrbatch_gamma0_1_ad_dualsuser_mer2262_ddp_pkg_release_data_average_duals_area6.csv,rbatch,0.1,,,,,,,,,,,,/user/mer2262/ddp_pkg_release/data/average_duals_area6,,,
1,150,hd,data/meituan_area6_lunchtime_plat10301330_day1.csv,results/shadow_sweep_d150/day1_d150_hd_dispatchrbatch_gamma0_2_ad_dualsuser_mer2262_ddp_pkg_release_data_average_duals_area6.csv,rbatch,0.2,,,,,,,,,,,,/user/mer2262/ddp_pkg_release/data/average_duals_area6,,,
1,150,hd,data/meituan_area6_lunchtime_plat10301330_day1.csv,results/shadow_sweep_d150/day1_d150_hd_dispatchrbatch_gamma0_3_ad_dualsuser_mer2262_ddp_pkg_release_data_average_duals_area6.csv,rbatch,0.3,,,,,,,,,,,,/user/mer2262/ddp_pkg_release/data/average_duals_area6,,,
1,150,hd,data/meituan_area6_lunchtime_plat10301330_day1.csv,results/shadow_sweep_d150/day1_d150_hd_dispatchrbatch_gamma0_4_ad_dualsuser_mer2262_ddp_pkg_release_data_average_duals_area6.csv,rbatch,0.4,,,,,,,,,,,,/user/mer2262/ddp_pkg_release/data/average_duals_area6,,,
1,150,hd,data/meituan_area6_lunchtime_plat10301330_day1.csv,results/shadow_sweep_d150/day1_d150_hd_dispatchrbatch_gamma0_5_ad_dualsuser_mer2262_ddp_pkg_release_data_average_duals_area6.csv,rbatch,0.5,,,,,,,,,,,,/user/mer2262/ddp_pkg_release/data/average_duals_area6,,,
1,150,hd,data/meituan_area6_lunchtime_plat10301330_day1.csv,results/shadow_sweep_d150/day1_d150_hd_dispatchrbatch_gamma0_6_ad_dualsuser_mer2262_ddp_pkg_release_data_average_duals_area6.csv,rbatch,0.6,,,,,,,,,,,,/user/mer2262/ddp_pkg_release/data/average_duals_area6,,,
1,150,hd,data/meituan_area6_lunchtime_plat10301330_day1.csv,results/shadow_sweep_d150/day1_d150_hd_dispatchrbatch_gamma0_7_ad_dualsuser_mer2262_ddp_pkg_release_data_average_duals_area6.csv,rbatch,0.7,,,,,,,,,,,,/user/mer2262/ddp_pkg_release/data/average_duals_area6,,,
1,150,hd,data/meituan_area6_lunchtime_plat10301330_day1.csv,results/shadow_sweep_d150/day1_d150_hd_dispatchrbatch_gamma0_8_ad_dualsuser_mer2262_ddp_pkg_release_data_average_duals_area6.csv,rbatch,0.8,,,,,,,,,,,,/user/mer2262/ddp_pkg_release/data/average_duals_area6,,,
1,150,hd,data/meituan_area6_lunchtime_plat10301330_day1.csv,results/shadow_sweep_d150/day1_d150_hd_dispatchrbatch_gamma0_9_ad_dualsuser_mer2262_ddp_pkg_release_data_average_duals_area6.csv,rbatch,0.9,,,,,,,,,,,,/user/mer2262/ddp_pkg_release/data/average_duals_area6,,,
1,150,hd,data/meituan_area6_lunchtime_plat10301330_day1.csv,results/shadow_sweep_d150/day1_d150_hd_dispatchrbatch_gamma1_ad_dualsuser_mer2262_ddp_pkg_release_data_average_duals_area6.csv,rbatch,1,,,,,,,,,,,,/user/mer2262/ddp_pkg_release/data/average_duals_area6,,,
2,150,ad,data/meituan_area6_lunchtime_plat10301330_day2.csv,results/shadow_sweep_d150/day2_d150_ad_dispatchrbatch_gamma0_ad_dualsuser_mer2262_ddp_pkg_release_data_average_duals_area6.csv,rbatch,0,,,,,,,,,,,,/user/mer2262/ddp_pkg_release/data/average_duals_area6,,,
2,150,ad,data/meituan_area6_lunchtime_plat10301330_day2.csv,results/shadow_sweep_d150/day2_d150_ad_dispatchrbatch_gamma0_1_ad_dualsuser_mer2262_ddp_pkg_release_data_average_duals_area6.csv,rbatch,0.1,,,,,,,,,,,,/user/mer2262/ddp_pkg_release/data/average_duals_area6,,,
2,150,ad,data/meituan_area6_lunchtime_plat10301330_day2.csv,results/shadow_sweep_d150/day2_d150_ad_dispatchrbatch_gamma0_2_ad_dualsuser_mer2262_ddp_pkg_release_data_average_duals_area6.csv,rbatch,0.2,,,,,,,,,,,,/user/mer2262/ddp_pkg_release/data/average_duals_area6,,,
2,150,ad,data/meituan_area6_lunchtime_plat10301330_day2.csv,results/shadow_sweep_d150/day2_d150_ad_dispatchrbatch_gamma0_3_ad_dualsuser_mer2262_ddp_pkg_release_data_average_duals_area6.csv,rbatch,0.3,,,,,,,,,,,,/user/mer2262/ddp_pkg_release/data/average_duals_area6,,,
2,150,ad,data/meituan_area6_lunchtime_plat10301330_day2.csv,results/shadow_sweep_d150/day2_d150_ad_dispatchrbatch_gamma0_4_ad_dualsuser_mer2262_ddp_pkg_release_data_average_duals_area6.csv,rbatch,0.4,,,,,,,,,,,,/user/mer2262/ddp_pkg_release/data/average_duals_area6,,,
2,150,ad,data/meituan_area6_lunchtime_plat10301330_day2.csv,results/shadow_sweep_d150/day2_d150_ad_dispatchrbatch_gamma0_5_ad_dualsuser_mer2262_ddp_pkg_release_data_average_duals_area6.csv,rbatch,0.5,,,,,,,,,,,,/user/mer2262/ddp_pkg_release/data/average_duals_area6,,,
2,150,ad,data/meituan_area6_lunchtime_plat10301330_day2.csv,results/shadow_sweep_d150/day2_d150_ad_dispatchrbatch_gamma0_6_ad_dualsuser_mer2262_ddp_pkg_release_data_average_duals_area6.csv,rbatch,0.6,,,,,,,,,,,,/user/mer2262/ddp_pkg_release/data/average_duals_area6,,,
2,150,ad,data/meituan_area6_lunchtime_plat10301330_day2.csv,results/shadow_sweep_d150/day2_d150_ad_dispatchrbatch_gamma0_7_ad_dualsuser_mer2262_ddp_pkg_release_data_average_duals_area6.csv,rbatch,0.7,,,,,,,,,,,,/user/mer2262/ddp_pkg_release/data/average_duals_area6,,,
2,150,ad,data/meituan_area6_lunchtime_plat10301330_day2.csv,results/shadow_sweep_d150/day2_d150_ad_dispatchrbatch_gamma0_8_ad_dualsuser_mer2262_ddp_pkg_release_data_average_duals_area6.csv,rbatch,0.8,,,,,,,,,,,,/user/mer2262/ddp_pkg_release/data/average_duals_area6,,,
2,150,ad,data/meituan_area6_lunchtime_plat10301330_day2.csv,results/shadow_sweep_d150/day2_d150_ad_dispatchrbatch_gamma0_9_ad_dualsuser_mer2262_ddp_pkg_release_data_average_duals_area6.csv,rbatch,0.9,,,,,,,,,,,,/user/mer2262/ddp_pkg_release/data/average_duals_area6,,,
2,150,ad,data/meituan_area6_lunchtime_plat10301330_day2.csv,results/shadow_sweep_d150/day2_d150_ad_dispatchrbatch_gamma1_ad_dualsuser_mer2262_ddp_pkg_release_data_average_duals_area6.csv,rbatch,1,,,,,,,,,,,,/user/mer2262/ddp_pkg_release/data/average_duals_area6,,,
2,150,hd,data/meituan_area6_lunchtime_plat10301330_day2.csv,results/shadow_sweep_d150/day2_d150_hd_dispatchrbatch_gamma0_ad_dualsuser_mer2262_ddp_pkg_release_data_average_duals_area6.csv,rbatch,0,,,,,,,,,,,,/user/mer2262/ddp_pkg_release/data/average_duals_area6,,,
2,150,hd,data/meituan_area6_lunchtime_plat10301330_day2.csv,results/shadow_sweep_d150/day2_d150_hd_dispatchrbatch_gamma0_1_ad_dualsuser_mer2262_ddp_pkg_release_data_average_duals_area6.csv,rbatch,0.1,,,,,,,,,,,,/user/mer2262/ddp_pkg_release/data/average_duals_area6,,,
2,150,hd,data/meituan_area6_lunchtime_plat10301330_day2.csv,results/shadow_sweep_d150/day2_d150_hd_dispatchrbatch_gamma0_2_ad_dualsuser_mer2262_ddp_pkg_release_data_average_duals_area6.csv,rbatch,0.2,,,,,,,,,,,,/user/mer2262/ddp_pkg_release/data/average_duals_area6,,,
2,150,hd,data/meituan_area6_lunchtime_plat10301330_day2.csv,results/shadow_sweep_d150/day2_d150_hd_dispatchrbatch_gamma0_3_ad_dualsuser_mer2262_ddp_pkg_release_data_average_duals_area6.csv,rbatch,0.3,,,,,,,,,,,,/user/mer2262/ddp_pkg_release/data/average_duals_area6,,,
2,150,hd,data/meituan_area6_lunchtime_plat10301330_day2.csv,results/shadow_sweep_d150/day2_d150_hd_dispatchrbatch_gamma0_4_ad_dualsuser_mer2262_ddp_pkg_release_data_average_duals_area6.csv,rbatch,0.4,,,,,,,,,,,,/user/mer2262/ddp_pkg_release/data/average_duals_area6,,,
2,150,hd,data/meituan_area6_lunchtime_plat10301330_day2.csv,results/shadow_sweep_d150/day2_d150_hd_dispatchrbatch_gamma0_5_ad_dualsuser_mer2262_ddp_pkg_release_data_average_duals_area6.csv,rbatch,0.5,,,,,,,,,,,,/user/mer2262/ddp_pkg_release/data/average_duals_area6,,,
2,150,hd,data/meituan_area6_lunchtime_plat10301330_day2.csv,results/shadow_sweep_d150/day2_d150_hd_dispatchrbatch_gamma0_6_ad_dualsuser_mer2262_ddp_pkg_release_data_average_duals_area6.csv,rbatch,0.6,,,,,,,,,,,,/user/mer2262/ddp_pkg_release/data/average_duals_area6,,,
2,150,hd,data/meituan_area6_lunchtime_plat10301330_day2.csv,results/shadow_sweep_d150/day2_d150_hd_dispatchrbatch_gamma0_7_ad_dualsuser_mer2262_ddp_pkg_release_data_average_duals_area6.csv,rbatch,0.7,,,,,,,,,,,,/user/mer2262/ddp_pkg_release/data/average_duals_area6,,,
2,150,hd,data/meituan_area6_lunchtime_plat10301330_day2.csv,results/shadow_sweep_d150/day2_d150_hd_dispatchrbatch_gamma0_8_ad_dualsuser_mer2262_ddp_pkg_release_data_average_duals_area6.csv,rbatch,0.8,,,,,,,,,,,,/user/mer2262/ddp_pkg_release/data/average_duals_area6,,,
2,150,hd,data/meituan_area6_lunchtime_plat10301330_day2.csv,results/shadow_sweep_d150/day2_d150_hd_dispatchrbatch_gamma0_9_ad_dualsuser_mer2262_ddp_pkg_release_data_average_duals_area6.csv,rbatch,0.9,,,,,,,,,,,,/user/mer2262/ddp_pkg_release/data/average_duals_area6,,,
2,150,hd,data/meituan_area6_lunchtime_plat10301330_day2.csv,results/shadow_sweep_d150/day2_d150_hd_dispatchrbatch_gamma1_ad_dualsuser_mer2262_ddp_pkg_release_data_average_duals_area6.csv,rbatch,1,,,,,,,,,,,,/user/mer2262/ddp_pkg_release/data/average_duals_area6,,,
3,150,ad,data/meituan_area6_lunchtime_plat10301330_day3.csv,results/shadow_sweep_d150/day3_d150_ad_dispatchrbatch_gamma0_ad_dualsuser_mer2262_ddp_pkg_release_data_average_duals_area6.csv,rbatch,0,,,,,,,,,,,,/user/mer2262/ddp_pkg_release/data/average_duals_area6,,,
3,150,ad,data/meituan_area6_lunchtime_plat10301330_day3.csv,results/shadow_sweep_d150/day3_d150_ad_dispatchrbatch_gamma0_1_ad_dualsuser_mer2262_ddp_pkg_release_data_average_duals_area6.csv,rbatch,0.1,,,,,,,,,,,,/user/mer2262/ddp_pkg_release/data/average_duals_area6,,,
3,150,ad,data/meituan_area6_lunchtime_plat10301330_day3.csv,results/shadow_sweep_d150/day3_d150_ad_dispatchrbatch_gamma0_2_ad_dualsuser_mer2262_ddp_pkg_release_data_average_duals_area6.csv,rbatch,0.2,,,,,,,,,,,,/user/mer2262/ddp_pkg_release/data/average_duals_area6,,,
3,150,ad,data/meituan_area6_lunchtime_plat10301330_day3.csv,results/shadow_sweep_d150/day3_d150_ad_dispatchrbatch_gamma0_3_ad_dualsuser_mer2262_ddp_pkg_release_data_average_duals_area6.csv,rbatch,0.3,,,,,,,,,,,,/user/mer2262/ddp_pkg_release/data/average_duals_area6,,,
3,150,ad,data/meituan_area6_lunchtime_plat10301330_day3.csv,results/shadow_sweep_d150/day3_d150_ad_dispatchrbatch_gamma0_4_ad_dualsuser_mer2262_ddp_pkg_release_data_average_duals_area6.csv,rbatch,0.4,,,,,,,,,,,,/user/mer2262/ddp_pkg_release/data/average_duals_area6,,,
3,150,ad,data/meituan_area6_lunchtime_plat10301330_day3.csv,results/shadow_sweep_d150/day3_d150_ad_dispatchrbatch_gamma0_5_ad_dualsuser_mer2262_ddp_pkg_release_data_average_duals_area6.csv,rbatch,0.5,,,,,,,,,,,,/user/mer2262/ddp_pkg_release/data/average_duals_area6,,,
3,150,ad,data/meituan_area6_lunchtime_plat10301330_day3.csv,results/shadow_sweep_d150/day3_d150_ad_dispatchrbatch_gamma0_6_ad_dualsuser_mer2262_ddp_pkg_release_data_average_duals_area6.csv,rbatch,0.6,,,,,,,,,,,,/user/mer2262/ddp_pkg_release/data/average_duals_area6,,,
3,150,ad,data/meituan_area6_lunchtime_plat10301330_day3.csv,results/shadow_sweep_d150/day3_d150_ad_dispatchrbatch_gamma0_7_ad_dualsuser_mer2262_ddp_pkg_release_data_average_duals_area6.csv,rbatch,0.7,,,,,,,,,,,,/user/mer2262/ddp_pkg_release/data/average_duals_area6,,,
3,150,ad,data/meituan_area6_lunchtime_plat10301330_day3.csv,results/shadow_sweep_d150/day3_d150_ad_dispatchrbatch_gamma0_8_ad_dualsuser_mer2262_ddp_pkg_release_data_average_duals_area6.csv,rbatch,0.8,,,,,,,,,,,,/user/mer2262/ddp_pkg_release/data/average_duals_area6,,,
3,150,ad,data/meituan_area6_lunchtime_plat10301330_day3.csv,results/shadow_sweep_d150/day3_d150_ad_dispatchrbatch_gamma0_9_ad_dualsuser_mer2262_ddp_pkg_release_data_average_duals_area6.csv,rbatch,0.9,,,,,,,,,,,,/user/mer2262/ddp_pkg_release/data/average_duals_area6,,,
3,150,ad,data/meituan_area6_lunchtime_plat10301330_day3.csv,results/shadow_sweep_d150/day3_d150_ad_dispatchrbatch_gamma1_ad_dualsuser_mer2262_ddp_pkg_release_data_average_duals_area6.csv,rbatch,1,,,,,,,,,,,,/user/mer2262/ddp_pkg_release/data/average_duals_area6,,,
3,150,hd,data/meituan_area6_lunchtime_plat10301330_day3.csv,results/shadow_sweep_d150/day3_d150_hd_dispatchrbatch_gamma0_ad_dualsuser_mer2262_ddp_pkg_release_data_average_duals_area6.csv,rbatch,0,,,,,,,,,,,,/user/mer2262/ddp_pkg_release/data/average_duals_area6,,,
3,150,hd,data/meituan_area6_lunchtime_plat10301330_day3.csv,results/shadow_sweep_d150/day3_d150_hd_dispatchrbatch_gamma0_1_ad_dualsuser_mer2262_ddp_pkg_release_data_average_duals_area6.csv,rbatch,0.1,,,,,,,,,,,,/user/mer2262/ddp_pkg_release/data/average_duals_area6,,,
3,150,hd,data/meituan_area6_lunchtime_plat10301330_day3.csv,results/shadow_sweep_d150/day3_d150_hd_dispatchrbatch_gamma0_2_ad_dualsuser_mer2262_ddp_pkg_release_data_average_duals_area6.csv,rbatch,0.2,,,,,,,,,,,,/user/mer2262/ddp_pkg_release/data/average_duals_area6,,,
3,150,hd,data/meituan_area6_lunchtime_plat10301330_day3.csv,results/shadow_sweep_d150/day3_d150_hd_dispatchrbatch_gamma0_3_ad_dualsuser_mer2262_ddp_pkg_release_data_average_duals_area6.csv,rbatch,0.3,,,,,,,,,,,,/user/mer2262/ddp_pkg_release/data/average_duals_area6,,,
3,150,hd,data/meituan_area6_lunchtime_plat10301330_day3.csv,results/shadow_sweep_d150/day3_d150_hd_dispatchrbatch_gamma0_4_ad_dualsuser_mer2262_ddp_pkg_release_data_average_duals_area6.csv,rbatch,0.4,,,,,,,,,,,,/user/mer2262/ddp_pkg_release/data/average_duals_area6,,,
3,150,hd,data/meituan_area6_lunchtime_plat10301330_day3.csv,results/shadow_sweep_d150/day3_d150_hd_dispatchrbatch_gamma0_5_ad_dualsuser_mer2262_ddp_pkg_release_data_average_duals_area6.csv,rbatch,0.5,,,,,,,,,,,,/user/mer2262/ddp_pkg_release/data/average_duals_area6,,,
3,150,hd,data/meituan_area6_lunchtime_plat10301330_day3.csv,results/shadow_sweep_d150/day3_d150_hd_dispatchrbatch_gamma0_6_ad_dualsuser_mer2262_ddp_pkg_release_data_average_duals_area6.csv,rbatch,0.6,,,,,,,,,,,,/user/mer2262/ddp_pkg_release/data/average_duals_area6,,,
3,150,hd,data/meituan_area6_lunchtime_plat10301330_day3.csv,results/shadow_sweep_d150/day3_d150_hd_dispatchrbatch_gamma0_7_ad_dualsuser_mer2262_ddp_pkg_release_data_average_duals_area6.csv,rbatch,0.7,,,,,,,,,,,,/user/mer2262/ddp_pkg_release/data/average_duals_area6,,,
3,150,hd,data/meituan_area6_lunchtime_plat10301330_day3.csv,results/shadow_sweep_d150/day3_d150_hd_dispatchrbatch_gamma0_8_ad_dualsuser_mer2262_ddp_pkg_release_data_average_duals_area6.csv,rbatch,0.8,,,,,,,,,,,,/user/mer2262/ddp_pkg_release/data/average_duals_area6,,,
3,150,hd,data/meituan_area6_lunchtime_plat10301330_day3.csv,results/shadow_sweep_d150/day3_d150_hd_dispatchrbatch_gamma0_9_ad_dualsuser_mer2262_ddp_pkg_release_data_average_duals_area6.csv,rbatch,0.9,,,,,,,,,,,,/user/mer2262/ddp_pkg_release/data/average_duals_area6,,,
3,150,hd,data/meituan_area6_lunchtime_plat10301330_day3.csv,results/shadow_sweep_d150/day3_d150_hd_dispatchrbatch_gamma1_ad_dualsuser_mer2262_ddp_pkg_release_data_average_duals_area6.csv,rbatch,1,,,,,,,,,,,,/user/mer2262/ddp_pkg_release/data/average_duals_area6,,,
4,150,ad,data/meituan_area6_lunchtime_plat10301330_day4.csv,results/shadow_sweep_d150/day4_d150_ad_dispatchrbatch_gamma0_ad_dualsuser_mer2262_ddp_pkg_release_data_average_duals_area6.csv,rbatch,0,,,,,,,,,,,,/user/mer2262/ddp_pkg_release/data/average_duals_area6,,,
4,150,ad,data/meituan_area6_lunchtime_plat10301330_day4.csv,results/shadow_sweep_d150/day4_d150_ad_dispatchrbatch_gamma0_1_ad_dualsuser_mer2262_ddp_pkg_release_data_average_duals_area6.csv,rbatch,0.1,,,,,,,,,,,,/user/mer2262/ddp_pkg_release/data/average_duals_area6,,,
4,150,ad,data/meituan_area6_lunchtime_plat10301330_day4.csv,results/shadow_sweep_d150/day4_d150_ad_dispatchrbatch_gamma0_2_ad_dualsuser_mer2262_ddp_pkg_release_data_average_duals_area6.csv,rbatch,0.2,,,,,,,,,,,,/user/mer2262/ddp_pkg_release/data/average_duals_area6,,,
4,150,ad,data/meituan_area6_lunchtime_plat10301330_day4.csv,results/shadow_sweep_d150/day4_d150_ad_dispatchrbatch_gamma0_3_ad_dualsuser_mer2262_ddp_pkg_release_data_average_duals_area6.csv,rbatch,0.3,,,,,,,,,,,,/user/mer2262/ddp_pkg_release/data/average_duals_area6,,,
4,150,ad,data/meituan_area6_lunchtime_plat10301330_day4.csv,results/shadow_sweep_d150/day4_d150_ad_dispatchrbatch_gamma0_4_ad_dualsuser_mer2262_ddp_pkg_release_data_average_duals_area6.csv,rbatch,0.4,,,,,,,,,,,,/user/mer2262/ddp_pkg_release/data/average_duals_area6,,,
4,150,ad,data/meituan_area6_lunchtime_plat10301330_day4.csv,results/shadow_sweep_d150/day4_d150_ad_dispatchrbatch_gamma0_5_ad_dualsuser_mer2262_ddp_pkg_release_data_average_duals_area6.csv,rbatch,0.5,,,,,,,,,,,,/user/mer2262/ddp_pkg_release/data/average_duals_area6,,,
4,150,ad,data/meituan_area6_lunchtime_plat10301330_day4.csv,results/shadow_sweep_d150/day4_d150_ad_dispatchrbatch_gamma0_6_ad_dualsuser_mer2262_ddp_pkg_release_data_average_duals_area6.csv,rbatch,0.6,,,,,,,,,,,,/user/mer2262/ddp_pkg_release/data/average_duals_area6,,,
4,150,ad,data/meituan_area6_lunchtime_plat10301330_day4.csv,results/shadow_sweep_d150/day4_d150_ad_dispatchrbatch_gamma0_7_ad_dualsuser_mer2262_ddp_pkg_release_data_average_duals_area6.csv,rbatch,0.7,,,,,,,,,,,,/user/mer2262/ddp_pkg_release/data/average_duals_area6,,,
4,150,ad,data/meituan_area6_lunchtime_plat10301330_day4.csv,results/shadow_sweep_d150/day4_d150_ad_dispatchrbatch_gamma0_8_ad_dualsuser_mer2262_ddp_pkg_release_data_average_duals_area6.csv,rbatch,0.8,,,,,,,,,,,,/user/mer2262/ddp_pkg_release/data/average_duals_area6,,,
4,150,ad,data/meituan_area6_lunchtime_plat10301330_day4.csv,results/shadow_sweep_d150/day4_d150_ad_dispatchrbatch_gamma0_9_ad_dualsuser_mer2262_ddp_pkg_release_data_average_duals_area6.csv,rbatch,0.9,,,,,,,,,,,,/user/mer2262/ddp_pkg_release/data/average_duals_area6,,,
4,150,ad,data/meituan_area6_lunchtime_plat10301330_day4.csv,results/shadow_sweep_d150/day4_d150_ad_dispatchrbatch_gamma1_ad_dualsuser_mer2262_ddp_pkg_release_data_average_duals_area6.csv,rbatch,1,,,,,,,,,,,,/user/mer2262/ddp_pkg_release/data/average_duals_area6,,,
4,150,hd,data/meituan_area6_lunchtime_plat10301330_day4.csv,results/shadow_sweep_d150/day4_d150_hd_dispatchrbatch_gamma0_ad_dualsuser_mer2262_ddp_pkg_release_data_average_duals_area6.csv,rbatch,0,,,,,,,,,,,,/user/mer2262/ddp_pkg_release/data/average_duals_area6,,,
4,150,hd,data/meituan_area6_lunchtime_plat10301330_day4.csv,results/shadow_sweep_d150/day4_d150_hd_dispatchrbatch_gamma0_1_ad_dualsuser_mer2262_ddp_pkg_release_data_average_duals_area6.csv,rbatch,0.1,,,,,,,,,,,,/user/mer2262/ddp_pkg_release/data/average_duals_area6,,,
4,150,hd,data/meituan_area6_lunchtime_plat10301330_day4.csv,results/shadow_sweep_d150/day4_d150_hd_dispatchrbatch_gamma0_2_ad_dualsuser_mer2262_ddp_pkg_release_data_average_duals_area6.csv,rbatch,0.2,,,,,,,,,,,,/user/mer2262/ddp_pkg_release/data/average_duals_area6,,,
4,150,hd,data/meituan_area6_lunchtime_plat10301330_day4.csv,results/shadow_sweep_d150/day4_d150_hd_dispatchrbatch_gamma0_3_ad_dualsuser_mer2262_ddp_pkg_release_data_average_duals_area6.csv,rbatch,0.3,,,,,,,,,,,,/user/mer2262/ddp_pkg_release/data/average_duals_area6,,,
4,150,hd,data/meituan_area6_lunchtime_plat10301330_day4.csv,results/shadow_sweep_d150/day4_d150_hd_dispatchrbatch_gamma0_4_ad_dualsuser_mer2262_ddp_pkg_release_data_average_duals_area6.csv,rbatch,0.4,,,,,,,,,,,,/user/mer2262/ddp_pkg_release/data/average_duals_area6,,,
4,150,hd,data/meituan_area6_lunchtime_plat10301330_day4.csv,results/shadow_sweep_d150/day4_d150_hd_dispatchrbatch_gamma0_5_ad_dualsuser_mer2262_ddp_pkg_release_data_average_duals_area6.csv,rbatch,0.5,,,,,,,,,,,,/user/mer2262/ddp_pkg_release/data/average_duals_area6,,,
4,150,hd,data/meituan_area6_lunchtime_plat10301330_day4.csv,results/shadow_sweep_d150/day4_d150_hd_dispatchrbatch_gamma0_6_ad_dualsuser_mer2262_ddp_pkg_release_data_average_duals_area6.csv,rbatch,0.6,,,,,,,,,,,,/user/mer2262/ddp_pkg_release/data/average_duals_area6,,,
4,150,hd,data/meituan_area6_lunchtime_plat10301330_day4.csv,results/shadow_sweep_d150/day4_d150_hd_dispatchrbatch_gamma0_7_ad_dualsuser_mer2262_ddp_pkg_release_data_average_duals_area6.csv,rbatch,0.7,,,,,,,,,,,,/user/mer2262/ddp_pkg_release/data/average_duals_area6,,,
4,150,hd,data/meituan_area6_lunchtime_plat10301330_day4.csv,results/shadow_sweep_d150/day4_d150_hd_dispatchrbatch_gamma0_8_ad_dualsuser_mer2262_ddp_pkg_release_data_average_duals_area6.csv,rbatch,0.8,,,,,,,,,,,,/user/mer2262/ddp_pkg_release/data/average_duals_area6,,,
4,150,hd,data/meituan_area6_lunchtime_plat10301330_day4.csv,results/shadow_sweep_d150/day4_d150_hd_dispatchrbatch_gamma0_9_ad_dualsuser_mer2262_ddp_pkg_release_data_average_duals_area6.csv,rbatch,0.9,,,,,,,,,,,,/user/mer2262/ddp_pkg_release/data/average_duals_area6,,,
4,150,hd,data/meituan_area6_lunchtime_plat10301330_day4.csv,results/shadow_sweep_d150/day4_d150_hd_dispatchrbatch_gamma1_ad_dualsuser_mer2262_ddp_pkg_release_data_average_duals_area6.csv,rbatch,1,,,,,,,,,,,,/user/mer2262/ddp_pkg_release/data/average_duals_area6,,,
5,150,ad,data/meituan_area6_lunchtime_plat10301330_day5.csv,results/shadow_sweep_d150/day5_d150_ad_dispatchrbatch_gamma0_ad_dualsuser_mer2262_ddp_pkg_release_data_average_duals_area6.csv,rbatch,0,,,,,,,,,,,,/user/mer2262/ddp_pkg_release/data/average_duals_area6,,,
5,150,ad,data/meituan_area6_lunchtime_plat10301330_day5.csv,results/shadow_sweep_d150/day5_d150_ad_dispatchrbatch_gamma0_1_ad_dualsuser_mer2262_ddp_pkg_release_data_average_duals_area6.csv,rbatch,0.1,,,,,,,,,,,,/user/mer2262/ddp_pkg_release/data/average_duals_area6,,,
5,150,ad,data/meituan_area6_lunchtime_plat10301330_day5.csv,results/shadow_sweep_d150/day5_d150_ad_dispatchrbatch_gamma0_2_ad_dualsuser_mer2262_ddp_pkg_release_data_average_duals_area6.csv,rbatch,0.2,,,,,,,,,,,,/user/mer2262/ddp_pkg_release/data/average_duals_area6,,,
5,150,ad,data/meituan_area6_lunchtime_plat10301330_day5.csv,results/shadow_sweep_d150/day5_d150_ad_dispatchrbatch_gamma0_3_ad_dualsuser_mer2262_ddp_pkg_release_data_average_duals_area6.csv,rbatch,0.3,,,,,,,,,,,,/user/mer2262/ddp_pkg_release/data/average_duals_area6,,,
5,150,ad,data/meituan_area6_lunchtime_plat10301330_day5.csv,results/shadow_sweep_d150/day5_d150_ad_dispatchrbatch_gamma0_4_ad_dualsuser_mer2262_ddp_pkg_release_data_average_duals_area6.csv,rbatch,0.4,,,,,,,,,,,,/user/mer2262/ddp_pkg_release/data/average_duals_area6,,,
5,150,ad,data/meituan_area6_lunchtime_plat10301330_day5.csv,results/shadow_sweep_d150/day5_d150_ad_dispatchrbatch_gamma0_5_ad_dualsuser_mer2262_ddp_pkg_release_data_average_duals_area6.csv,rbatch,0.5,,,,,,,,,,,,/user/mer2262/ddp_pkg_release/data/average_duals_area6,,,
5,150,ad,data/meituan_area6_lunchtime_plat10301330_day5.csv,results/shadow_sweep_d150/day5_d150_ad_dispatchrbatch_gamma0_6_ad_dualsuser_mer2262_ddp_pkg_release_data_average_duals_area6.csv,rbatch,0.6,,,,,,,,,,,,/user/mer2262/ddp_pkg_release/data/average_duals_area6,,,
5,150,ad,data/meituan_area6_lunchtime_plat10301330_day5.csv,results/shadow_sweep_d150/day5_d150_ad_dispatchrbatch_gamma0_7_ad_dualsuser_mer2262_ddp_pkg_release_data_average_duals_area6.csv,rbatch,0.7,,,,,,,,,,,,/user/mer2262/ddp_pkg_release/data/average_duals_area6,,,
5,150,ad,data/meituan_area6_lunchtime_plat10301330_day5.csv,results/shadow_sweep_d150/day5_d150_ad_dispatchrbatch_gamma0_8_ad_dualsuser_mer2262_ddp_pkg_release_data_average_duals_area6.csv,rbatch,0.8,,,,,,,,,,,,/user/mer2262/ddp_pkg_release/data/average_duals_area6,,,
5,150,ad,data/meituan_area6_lunchtime_plat10301330_day5.csv,results/shadow_sweep_d150/day5_d150_ad_dispatchrbatch_gamma0_9_ad_dualsuser_mer2262_ddp_pkg_release_data_average_duals_area6.csv,rbatch,0.9,,,,,,,,,,,,/user/mer2262/ddp_pkg_release/data/average_duals_area6,,,
5,150,ad,data/meituan_area6_lunchtime_plat10301330_day5.csv,results/shadow_sweep_d150/day5_d150_ad_dispatchrbatch_gamma1_ad_dualsuser_mer2262_ddp_pkg_release_data_average_duals_area6.csv,rbatch,1,,,,,,,,,,,,/user/mer2262/ddp_pkg_release/data/average_duals_area6,,,
5,150,hd,data/meituan_area6_lunchtime_plat10301330_day5.csv,results/shadow_sweep_d150/day5_d150_hd_dispatchrbatch_gamma0_ad_dualsuser_mer2262_ddp_pkg_release_data_average_duals_area6.csv,rbatch,0,,,,,,,,,,,,/user/mer2262/ddp_pkg_release/data/average_duals_area6,,,
5,150,hd,data/meituan_area6_lunchtime_plat10301330_day5.csv,results/shadow_sweep_d150/day5_d150_hd_dispatchrbatch_gamma0_1_ad_dualsuser_mer2262_ddp_pkg_release_data_average_duals_area6.csv,rbatch,0.1,,,,,,,,,,,,/user/mer2262/ddp_pkg_release/data/average_duals_area6,,,
5,150,hd,data/meituan_area6_lunchtime_plat10301330_day5.csv,results/shadow_sweep_d150/day5_d150_hd_dispatchrbatch_gamma0_2_ad_dualsuser_mer2262_ddp_pkg_release_data_average_duals_area6.csv,rbatch,0.2,,,,,,,,,,,,/user/mer2262/ddp_pkg_release/data/average_duals_area6,,,
5,150,hd,data/meituan_area6_lunchtime_plat10301330_day5.csv,results/shadow_sweep_d150/day5_d150_hd_dispatchrbatch_gamma0_3_ad_dualsuser_mer2262_ddp_pkg_release_data_average_duals_area6.csv,rbatch,0.3,,,,,,,,,,,,/user/mer2262/ddp_pkg_release/data/average_duals_area6,,,
5,150,hd,data/meituan_area6_lunchtime_plat10301330_day5.csv,results/shadow_sweep_d150/day5_d150_hd_dispatchrbatch_gamma0_4_ad_dualsuser_mer2262_ddp_pkg_release_data_average_duals_area6.csv,rbatch,0.4,,,,,,,,,,,,/user/mer2262/ddp_pkg_release/data/average_duals_area6,,,
5,150,hd,data/meituan_area6_lunchtime_plat10301330_day5.csv,results/shadow_sweep_d150/day5_d150_hd_dispatchrbatch_gamma0_5_ad_dualsuser_mer2262_ddp_pkg_release_data_average_duals_area6.csv,rbatch,0.5,,,,,,,,,,,,/user/mer2262/ddp_pkg_release/data/average_duals_area6,,,
5,150,hd,data/meituan_area6_lunchtime_plat10301330_day5.csv,results/shadow_sweep_d150/day5_d150_hd_dispatchrbatch_gamma0_6_ad_dualsuser_mer2262_ddp_pkg_release_data_average_duals_area6.csv,rbatch,0.6,,,,,,,,,,,,/user/mer2262/ddp_pkg_release/data/average_duals_area6,,,
5,150,hd,data/meituan_area6_lunchtime_plat10301330_day5.csv,results/shadow_sweep_d150/day5_d150_hd_dispatchrbatch_gamma0_7_ad_dualsuser_mer2262_ddp_pkg_release_data_average_duals_area6.csv,rbatch,0.7,,,,,,,,,,,,/user/mer2262/ddp_pkg_release/data/average_duals_area6,,,
5,150,hd,data/meituan_area6_lunchtime_plat10301330_day5.csv,results/shadow_sweep_d150/day5_d150_hd_dispatchrbatch_gamma0_8_ad_dualsuser_mer2262_ddp_pkg_release_data_average_duals_area6.csv,rbatch,0.8,,,,,,,,,,,,/user/mer2262/ddp_pkg_release/data/average_duals_area6,,,
5,150,hd,data/meituan_area6_lunchtime_plat10301330_day5.csv,results/shadow_sweep_d150/day5_d150_hd_dispatchrbatch_gamma0_9_ad_dualsuser_mer2262_ddp_pkg_release_data_average_duals_area6.csv,rbatch,0.9,,,,,,,,,,,,/user/mer2262/ddp_pkg_release/data/average_duals_area6,,,
5,150,hd,data/meituan_area6_lunchtime_plat10301330_day5.csv,results/shadow_sweep_d150/day5_d150_hd_dispatchrbatch_gamma1_ad_dualsuser_mer2262_ddp_pkg_release_data_average_duals_area6.csv,rbatch,1,,,,,,,,,,,,/user/mer2262/ddp_pkg_release/data/average_duals_area6,,,
6,150,ad,data/meituan_area6_lunchtime_plat10301330_day6.csv,results/shadow_sweep_d150/day6_d150_ad_dispatchrbatch_gamma0_ad_dualsuser_mer2262_ddp_pkg_release_data_average_duals_area6.csv,rbatch,0,,,,,,,,,,,,/user/mer2262/ddp_pkg_release/data/average_duals_area6,,,
6,150,ad,data/meituan_area6_lunchtime_plat10301330_day6.csv,results/shadow_sweep_d150/day6_d150_ad_dispatchrbatch_gamma0_1_ad_dualsuser_mer2262_ddp_pkg_release_data_average_duals_area6.csv,rbatch,0.1,,,,,,,,,,,,/user/mer2262/ddp_pkg_release/data/average_duals_area6,,,
6,150,ad,data/meituan_area6_lunchtime_plat10301330_day6.csv,results/shadow_sweep_d150/day6_d150_ad_dispatchrbatch_gamma0_2_ad_dualsuser_mer2262_ddp_pkg_release_data_average_duals_area6.csv,rbatch,0.2,,,,,,,,,,,,/user/mer2262/ddp_pkg_release/data/average_duals_area6,,,
6,150,ad,data/meituan_area6_lunchtime_plat10301330_day6.csv,results/shadow_sweep_d150/day6_d150_ad_dispatchrbatch_gamma0_3_ad_dualsuser_mer2262_ddp_pkg_release_data_average_duals_area6.csv,rbatch,0.3,,,,,,,,,,,,/user/mer2262/ddp_pkg_release/data/average_duals_area6,,,
6,150,ad,data/meituan_area6_lunchtime_plat10301330_day6.csv,results/shadow_sweep_d150/day6_d150_ad_dispatchrbatch_gamma0_4_ad_dualsuser_mer2262_ddp_pkg_release_data_average_duals_area6.csv,rbatch,0.4,,,,,,,,,,,,/user/mer2262/ddp_pkg_release/data/average_duals_area6,,,
6,150,ad,data/meituan_area6_lunchtime_plat10301330_day6.csv,results/shadow_sweep_d150/day6_d150_ad_dispatchrbatch_gamma0_5_ad_dualsuser_mer2262_ddp_pkg_release_data_average_duals_area6.csv,rbatch,0.5,,,,,,,,,,,,/user/mer2262/ddp_pkg_release/data/average_duals_area6,,,
6,150,ad,data/meituan_area6_lunchtime_plat10301330_day6.csv,results/shadow_sweep_d150/day6_d150_ad_dispatchrbatch_gamma0_6_ad_dualsuser_mer2262_ddp_pkg_release_data_average_duals_area6.csv,rbatch,0.6,,,,,,,,,,,,/user/mer2262/ddp_pkg_release/data/average_duals_area6,,,
6,150,ad,data/meituan_area6_lunchtime_plat10301330_day6.csv,results/shadow_sweep_d150/day6_d150_ad_dispatchrbatch_gamma0_7_ad_dualsuser_mer2262_ddp_pkg_release_data_average_duals_area6.csv,rbatch,0.7,,,,,,,,,,,,/user/mer2262/ddp_pkg_release/data/average_duals_area6,,,
6,150,ad,data/meituan_area6_lunchtime_plat10301330_day6.csv,results/shadow_sweep_d150/day6_d150_ad_dispatchrbatch_gamma0_8_ad_dualsuser_mer2262_ddp_pkg_release_data_average_duals_area6.csv,rbatch,0.8,,,,,,,,,,,,/user/mer2262/ddp_pkg_release/data/average_duals_area6,,,
6,150,ad,data/meituan_area6_lunchtime_plat10301330_day6.csv,results/shadow_sweep_d150/day6_d150_ad_dispatchrbatch_gamma0_9_ad_dualsuser_mer2262_ddp_pkg_release_data_average_duals_area6.csv,rbatch,0.9,,,,,,,,,,,,/user/mer2262/ddp_pkg_release/data/average_duals_area6,,,
6,150,ad,data/meituan_area6_lunchtime_plat10301330_day6.csv,results/shadow_sweep_d150/day6_d150_ad_dispatchrbatch_gamma1_ad_dualsuser_mer2262_ddp_pkg_release_data_average_duals_area6.csv,rbatch,1,,,,,,,,,,,,/user/mer2262/ddp_pkg_release/data/average_duals_area6,,,
6,150,hd,data/meituan_area6_lunchtime_plat10301330_day6.csv,results/shadow_sweep_d150/day6_d150_hd_dispatchrbatch_gamma0_ad_dualsuser_mer2262_ddp_pkg_release_data_average_duals_area6.csv,rbatch,0,,,,,,,,,,,,/user/mer2262/ddp_pkg_release/data/average_duals_area6,,,
6,150,hd,data/meituan_area6_lunchtime_plat10301330_day6.csv,results/shadow_sweep_d150/day6_d150_hd_dispatchrbatch_gamma0_1_ad_dualsuser_mer2262_ddp_pkg_release_data_average_duals_area6.csv,rbatch,0.1,,,,,,,,,,,,/user/mer2262/ddp_pkg_release/data/average_duals_area6,,,
6,150,hd,data/meituan_area6_lunchtime_plat10301330_day6.csv,results/shadow_sweep_d150/day6_d150_hd_dispatchrbatch_gamma0_2_ad_dualsuser_mer2262_ddp_pkg_release_data_average_duals_area6.csv,rbatch,0.2,,,,,,,,,,,,/user/mer2262/ddp_pkg_release/data/average_duals_area6,,,
6,150,hd,data/meituan_area6_lunchtime_plat10301330_day6.csv,results/shadow_sweep_d150/day6_d150_hd_dispatchrbatch_gamma0_3_ad_dualsuser_mer2262_ddp_pkg_release_data_average_duals_area6.csv,rbatch,0.3,,,,,,,,,,,,/user/mer2262/ddp_pkg_release/data/average_duals_area6,,,
6,150,hd,data/meituan_area6_lunchtime_plat10301330_day6.csv,results/shadow_sweep_d150/day6_d150_hd_dispatchrbatch_gamma0_4_ad_dualsuser_mer2262_ddp_pkg_release_data_average_duals_area6.csv,rbatch,0.4,,,,,,,,,,,,/user/mer2262/ddp_pkg_release/data/average_duals_area6,,,
6,150,hd,data/meituan_area6_lunchtime_plat10301330_day6.csv,results/shadow_sweep_d150/day6_d150_hd_dispatchrbatch_gamma0_5_ad_dualsuser_mer2262_ddp_pkg_release_data_average_duals_area6.csv,rbatch,0.5,,,,,,,,,,,,/user/mer2262/ddp_pkg_release/data/average_duals_area6,,,
6,150,hd,data/meituan_area6_lunchtime_plat10301330_day6.csv,results/shadow_sweep_d150/day6_d150_hd_dispatchrbatch_gamma0_6_ad_dualsuser_mer2262_ddp_pkg_release_data_average_duals_area6.csv,rbatch,0.6,,,,,,,,,,,,/user/mer2262/ddp_pkg_release/data/average_duals_area6,,,
6,150,hd,data/meituan_area6_lunchtime_plat10301330_day6.csv,results/shadow_sweep_d150/day6_d150_hd_dispatchrbatch_gamma0_7_ad_dualsuser_mer2262_ddp_pkg_release_data_average_duals_area6.csv,rbatch,0.7,,,,,,,,,,,,/user/mer2262/ddp_pkg_release/data/average_duals_area6,,,
6,150,hd,data/meituan_area6_lunchtime_plat10301330_day6.csv,results/shadow_sweep_d150/day6_d150_hd_dispatchrbatch_gamma0_8_ad_dualsuser_mer2262_ddp_pkg_release_data_average_duals_area6.csv,rbatch,0.8,,,,,,,,,,,,/user/mer2262/ddp_pkg_release/data/average_duals_area6,,,
6,150,hd,data/meituan_area6_lunchtime_plat10301330_day6.csv,results/shadow_sweep_d150/day6_d150_hd_dispatchrbatch_gamma0_9_ad_dualsuser_mer2262_ddp_pkg_release_data_average_duals_area6.csv,rbatch,0.9,,,,,,,,,,,,/user/mer2262/ddp_pkg_release/data/average_duals_area6,,,
6,150,hd,data/meituan_area6_lunchtime_plat10301330_day6.csv,results/shadow_sweep_d150/day6_d150_hd_dispatchrbatch_gamma1_ad_dualsuser_mer2262_ddp_pkg_release_data_average_duals_area6.csv,rbatch,1,,,,,,,,,,,,/user/mer2262/ddp_pkg_release/data/average_duals_area6,,,
7,150,ad,data/meituan_area6_lunchtime_plat10301330_day7.csv,results/shadow_sweep_d150/day7_d150_ad_dispatchrbatch_gamma0_ad_dualsuser_mer2262_ddp_pkg_release_data_average_duals_area6.csv,rbatch,0,,,,,,,,,,,,/user/mer2262/ddp_pkg_release/data/average_duals_area6,,,
7,150,ad,data/meituan_area6_lunchtime_plat10301330_day7.csv,results/shadow_sweep_d150/day7_d150_ad_dispatchrbatch_gamma0_1_ad_dualsuser_mer2262_ddp_pkg_release_data_average_duals_area6.csv,rbatch,0.1,,,,,,,,,,,,/user/mer2262/ddp_pkg_release/data/average_duals_area6,,,
7,150,ad,data/meituan_area6_lunchtime_plat10301330_day7.csv,results/shadow_sweep_d150/day7_d150_ad_dispatchrbatch_gamma0_2_ad_dualsuser_mer2262_ddp_pkg_release_data_average_duals_area6.csv,rbatch,0.2,,,,,,,,,,,,/user/mer2262/ddp_pkg_release/data/average_duals_area6,,,
7,150,ad,data/meituan_area6_lunchtime_plat10301330_day7.csv,results/shadow_sweep_d150/day7_d150_ad_dispatchrbatch_gamma0_3_ad_dualsuser_mer2262_ddp_pkg_release_data_average_duals_area6.csv,rbatch,0.3,,,,,,,,,,,,/user/mer2262/ddp_pkg_release/data/average_duals_area6,,,
7,150,ad,data/meituan_area6_lunchtime_plat10301330_day7.csv,results/shadow_sweep_d150/day7_d150_ad_dispatchrbatch_gamma0_4_ad_dualsuser_mer2262_ddp_pkg_release_data_average_duals_area6.csv,rbatch,0.4,,,,,,,,,,,,/user/mer2262/ddp_pkg_release/data/average_duals_area6,,,
7,150,ad,data/meituan_area6_lunchtime_plat10301330_day7.csv,results/shadow_sweep_d150/day7_d150_ad_dispatchrbatch_gamma0_5_ad_dualsuser_mer2262_ddp_pkg_release_data_average_duals_area6.csv,rbatch,0.5,,,,,,,,,,,,/user/mer2262/ddp_pkg_release/data/average_duals_area6,,,
7,150,ad,data/meituan_area6_lunchtime_plat10301330_day7.csv,results/shadow_sweep_d150/day7_d150_ad_dispatchrbatch_gamma0_6_ad_dualsuser_mer2262_ddp_pkg_release_data_average_duals_area6.csv,rbatch,0.6,,,,,,,,,,,,/user/mer2262/ddp_pkg_release/data/average_duals_area6,,,
7,150,ad,data/meituan_area6_lunchtime_plat10301330_day7.csv,results/shadow_sweep_d150/day7_d150_ad_dispatchrbatch_gamma0_7_ad_dualsuser_mer2262_ddp_pkg_release_data_average_duals_area6.csv,rbatch,0.7,,,,,,,,,,,,/user/mer2262/ddp_pkg_release/data/average_duals_area6,,,
7,150,ad,data/meituan_area6_lunchtime_plat10301330_day7.csv,results/shadow_sweep_d150/day7_d150_ad_dispatchrbatch_gamma0_8_ad_dualsuser_mer2262_ddp_pkg_release_data_average_duals_area6.csv,rbatch,0.8,,,,,,,,,,,,/user/mer2262/ddp_pkg_release/data/average_duals_area6,,,
7,150,ad,data/meituan_area6_lunchtime_plat10301330_day7.csv,results/shadow_sweep_d150/day7_d150_ad_dispatchrbatch_gamma0_9_ad_dualsuser_mer2262_ddp_pkg_release_data_average_duals_area6.csv,rbatch,0.9,,,,,,,,,,,,/user/mer2262/ddp_pkg_release/data/average_duals_area6,,,
7,150,ad,data/meituan_area6_lunchtime_plat10301330_day7.csv,results/shadow_sweep_d150/day7_d150_ad_dispatchrbatch_gamma1_ad_dualsuser_mer2262_ddp_pkg_release_data_average_duals_area6.csv,rbatch,1,,,,,,,,,,,,/user/mer2262/ddp_pkg_release/data/average_duals_area6,,,
7,150,hd,data/meituan_area6_lunchtime_plat10301330_day7.csv,results/shadow_sweep_d150/day7_d150_hd_dispatchrbatch_gamma0_ad_dualsuser_mer2262_ddp_pkg_release_data_average_duals_area6.csv,rbatch,0,,,,,,,,,,,,/user/mer2262/ddp_pkg_release/data/average_duals_area6,,,
7,150,hd,data/meituan_area6_lunchtime_plat10301330_day7.csv,results/shadow_sweep_d150/day7_d150_hd_dispatchrbatch_gamma0_1_ad_dualsuser_mer2262_ddp_pkg_release_data_average_duals_area6.csv,rbatch,0.1,,,,,,,,,,,,/user/mer2262/ddp_pkg_release/data/average_duals_area6,,,
7,150,hd,data/meituan_area6_lunchtime_plat10301330_day7.csv,results/shadow_sweep_d150/day7_d150_hd_dispatchrbatch_gamma0_2_ad_dualsuser_mer2262_ddp_pkg_release_data_average_duals_area6.csv,rbatch,0.2,,,,,,,,,,,,/user/mer2262/ddp_pkg_release/data/average_duals_area6,,,
7,150,hd,data/meituan_area6_lunchtime_plat10301330_day7.csv,results/shadow_sweep_d150/day7_d150_hd_dispatchrbatch_gamma0_3_ad_dualsuser_mer2262_ddp_pkg_release_data_average_duals_area6.csv,rbatch,0.3,,,,,,,,,,,,/user/mer2262/ddp_pkg_release/data/average_duals_area6,,,
7,150,hd,data/meituan_area6_lunchtime_plat10301330_day7.csv,results/shadow_sweep_d150/day7_d150_hd_dispatchrbatch_gamma0_4_ad_dualsuser_mer2262_ddp_pkg_release_data_average_duals_area6.csv,rbatch,0.4,,,,,,,,,,,,/user/mer2262/ddp_pkg_release/data/average_duals_area6,,,
7,150,hd,data/meituan_area6_lunchtime_plat10301330_day7.csv,results/shadow_sweep_d150/day7_d150_hd_dispatchrbatch_gamma0_5_ad_dualsuser_mer2262_ddp_pkg_release_data_average_duals_area6.csv,rbatch,0.5,,,,,,,,,,,,/user/mer2262/ddp_pkg_release/data/average_duals_area6,,,
7,150,hd,data/meituan_area6_lunchtime_plat10301330_day7.csv,results/shadow_sweep_d150/day7_d150_hd_dispatchrbatch_gamma0_6_ad_dualsuser_mer2262_ddp_pkg_release_data_average_duals_area6.csv,rbatch,0.6,,,,,,,,,,,,/user/mer2262/ddp_pkg_release/data/average_duals_area6,,,
7,150,hd,data/meituan_area6_lunchtime_plat10301330_day7.csv,results/shadow_sweep_d150/day7_d150_hd_dispatchrbatch_gamma0_7_ad_dualsuser_mer2262_ddp_pkg_release_data_average_duals_area6.csv,rbatch,0.7,,,,,,,,,,,,/user/mer2262/ddp_pkg_release/data/average_duals_area6,,,
7,150,hd,data/meituan_area6_lunchtime_plat10301330_day7.csv,results/shadow_sweep_d150/day7_d150_hd_dispatchrbatch_gamma0_8_ad_dualsuser_mer2262_ddp_pkg_release_data_average_duals_area6.csv,rbatch,0.8,,,,,,,,,,,,/user/mer2262/ddp_pkg_release/data/average_duals_area6,,,
7,150,hd,data/meituan_area6_lunchtime_plat10301330_day7.csv,results/shadow_sweep_d150/day7_d150_hd_dispatchrbatch_gamma0_9_ad_dualsuser_mer2262_ddp_pkg_release_data_average_duals_area6.csv,rbatch,0.9,,,,,,,,,,,,/user/mer2262/ddp_pkg_release/data/average_duals_area6,,,
7,150,hd,data/meituan_area6_lunchtime_plat10301330_day7.csv,results/shadow_sweep_d150/day7_d150_hd_dispatchrbatch_gamma1_ad_dualsuser_mer2262_ddp_pkg_release_data_average_duals_area6.csv,rbatch,1,,,,,,,,,,,,/user/mer2262/ddp_pkg_release/data/average_duals_area6,,,
